Название дивана,Цена
Диван Эби Velvet Coral,70340
Диван Нумо Velvet Green,40940
Диван Нумо Мини Textile Light,28340
Диван угловой Онте Textile Grafit,136490
Диван Слипсон Velvet Milk,62990
Диван Клаймар Velvet Terra,61940
Диван Льери Мини Velvet Yellow,68240
Диван Виена Velvet Smoke,68240
Модульный диван Риббл-1 Bucle Mint,82930
Диван угловой Аллаум Linia Stone,55640
Диван Ларонсо Soft Blue,99740
Диван Маре Мини Velvet Grafit,30440
Диван Терм Zamsha Pink,94490
Диван Спейс Velvet Olive,70340
Диван Сваут Velvet Mustard,70340
Диван Бонс-Т Velvet Emerald,49340
Диван угловой Дарол Velvet Silver,70340
Диван угловой Нордика мини Velvet Coral,62990
Диван Бонент Velvet Eclipse,83990
Кушетка Тут Рядом Космос Бежевый,103940
Диван угловой Эдвин Velvet Terra,76640
Диван Эби Мини Linia Mint,61940
Диван Роттердам Velvet Yellow,28340
Диван Бруквиль Velvet Blue,55640
Кушетка Ринт Bucle Beige,22040
Модульный диван Brera-7 Velour Mix,187920
Диван Слипсон Мини Linia Stone,49340
Диван угловой Аронт Мини Velvet Pink,62990
Диван угловой Динс Velvet Navy Blue,66140
Диван Кейсес Velvet Grey,28340
Диван Линс Velvet Navy Blue,36740
Диван Стаус Velvet Caramel,33590
Диван угловой Лилле Velvet Terra,62990
Диван Види Textile Ocean,27290
Диван Виенсо Bucle Sand,83990
Диван Лави Velvet Yellow,46190
Диван Риен Velvet Smoke,57740
Диван угловой Мисл-1 Barhat Marsala,115490
Диван Тут Рядом Дом Зеленый,78740
Диван угловой Вильен мини Velvet Terra,62990
Диван Пайпел Bucle Grafit,57740
Диван Мейлон Velvet Beige,52490
Кушетка Кото Cozy Ivory,49340
Диван Марей Soft Grey,99740
Диван Сорен Textile Yellow,68240
Диван Инес Vertical Blue,47240
Диван Лачи Velvet Yellow,36740
Диван Данста Velvet Light,72440
